{
    "good_lrs": [
        5.814207897328076e-05,
        4.3845537179949216e-05,
        0.00015310985202178138,
        0.0005560212059230102,
        0.00012731998951664032,
        0.00020693156925604791,
        0.0006835994286865736,
        0.000710872772254353,
        0.0008939049630472637,
        0.0009807916759703359,
        0.00035663760724603723,
        0.00046276196879306916,
        0.0009484618808840729,
        0.0009099706263572703
    ],
    "top_4_lrs": [
        0.0009807916759703359,
        0.0009484618808840729,
        0.000710872772254353,
        0.0008939049630472637
    ]
}